--------------------------------------------------------
-- RESET DATABASE (truncate everything + reset sequences)
--------------------------------------------------------

SET session_replication_role = 'replica';

TRUNCATE TABLE
    AssociaProd,
    AvaliaProd,
    PrefereCat,
    PertenceCat,
    VendeProd,
    ContemProd,
    Solicitacao,
    Entrega,
    Pagamento,
    Pedido,
    Produto,
    Categoria,
    Vendedor,
    Comprador,
    Usuario
RESTART IDENTITY CASCADE;

SET session_replication_role = 'origin';




-- Inserção de dados na tabela Usuario
INSERT INTO Usuario (cpf, pnome, sobrenome, cep, email, senha_hash) VALUES
('12345678901', 'João', 'Silva', '12345678', 'joao.silva@example.com', 'hash_senha_1'),
('23456789012', 'Maria', 'Oliveira', '23456789', 'maria.oliveira@example.com', 'hash_senha_2'),
('34567890123', 'Carlos', 'Souza', '34567890', 'carlos.souza@example.com', 'hash_senha_3'),
('45678901234', 'Ana', 'Pereira', '45678901', 'ana.pereira@example.com', 'hash_senha_4'),
('56789012345', 'Lucas', 'Costa', '56789012', 'lucas.costa@example.com', 'hash_senha_5'),
('67890123456', 'Juliana', 'Alves', '67890123', 'juliana.alves@example.com', 'hash_senha_6'),
('78901234567', 'Pedro', 'Martins', '78901234', 'pedro.martins@example.com', 'hash_senha_7'),
('89012345678', 'Fernanda', 'Silva', '89012345', 'fernanda.silva@example.com', 'hash_senha_8'),
('90123456789', 'Rafael', 'Santos', '90123456', 'rafael.santos@example.com', 'hash_senha_9'),
('01234567890', 'Beatriz', 'Ferreira', '01234567', 'beatriz.ferreira@example.com', 'hash_senha_10'),
('12398765432', 'Ricardo', 'Rodrigues', '12398765', 'ricardo.rodrigues@example.com', 'hash_senha_11'),
('23487654321', 'Patrícia', 'Lima', '23487654', 'patricia.lima@example.com', 'hash_senha_12'),
('34576543210', 'Gustavo', 'Gomes', '34576543', 'gustavo.gomes@example.com', 'hash_senha_13'),
('45665432109', 'Mariana', 'Sousa', '45665432', 'mariana.sousa@example.com', 'hash_senha_14'),
('56754321098', 'Eduardo', 'Nascimento', '56754321', 'eduardo.nascimento@example.com', 'hash_senha_15'),
('67843210987', 'Tatiane', 'Barbosa', '67843210', 'tatiane.barbosa@example.com', 'hash_senha_16'),
('78932109876', 'Leonardo', 'Rocha', '78932109', 'leonardo.rocha@example.com', 'hash_senha_17'),
('89021098765', 'Jéssica', 'Dias', '89021098', 'jessica.dias@example.com', 'hash_senha_18'),
('90110987654', 'Vitor', 'Melo', '90110987', 'vitor.melo@example.com', 'hash_senha_19'),
('01209876543', 'Carla', 'Farias', '01209876', 'carla.farias@example.com', 'hash_senha_20'),
('12345678900', 'Marcio', 'Vieira', '12345678', 'marcio.vieira@example.com', 'hash_senha_21'),
('23456789001', 'Juliana', 'Costa', '23456789', 'juliana.costa@example.com', 'hash_senha_22'),
('34567890122', 'Felipe', 'Pinto', '34567890', 'felipe.pinto@example.com', 'hash_senha_23'),
('45678901233', 'Larissa', 'Dias', '45678901', 'larissa.dias@example.com', 'hash_senha_24'),
('56789012344', 'Marcos', 'Mendes', '56789012', 'marcos.mendes@example.com', 'hash_senha_25');


-- Inserção de dados na tabela Comprador
INSERT INTO Comprador (cpf_comprador, num_compras) VALUES
('12345678901', 10),
('23456789012', 15),
('34567890123', 8),
('45678901234', 5),
('56789012345', 20),
('67890123456', 7),
('78901234567', 12),
('89012345678', 30),
('90123456789', 2),
('01234567890', 18),
('12398765432', 9),
('23487654321', 25),
('34576543210', 6),
('45665432109', 14),
('56754321098', 10),
('67843210987', 13),
('78932109876', 17),
('89021098765', 3),
('90110987654', 8),
('01209876543', 22),
('12345678900', 11),
('23456789001', 19),
('34567890122', 4),
('45678901233', 9),
('56789012344', 21);


-- Inserção de dados na tabela Vendedor
INSERT INTO Vendedor (cpf_vendedor, nome_loja, desc_loja) VALUES
('12345678901', 'Loja A', 'Loja especializada em eletrônicos'),
('23456789012', 'Loja B', 'Loja de moda e acessórios'),
('34567890123', 'Loja C', 'Produtos de beleza e cuidados pessoais'),
('45678901234', 'Loja D', 'Loja de brinquedos e artigos infantis'),
('56789012345', 'Loja E', 'Artigos esportivos e lazer'),
('67890123456', 'Loja F', 'Livros e material escolar'),
('78901234567', 'Loja G', 'Produtos de informática e gadgets'),
('89012345678', 'Loja H', 'Produtos para pets e animais'),
('90123456789', 'Loja I', 'Ferramentas e equipamentos'),
('01234567890', 'Loja J', 'Produtos de decoração e móveis'),
('12398765432', 'Loja K', 'Produtos de jardinagem e plantas'),
('23487654321', 'Loja L', 'Produtos naturais e orgânicos'),
('34576543210', 'Loja M', 'Vestuário e moda feminina'),
('45665432109', 'Loja N', 'Bijuterias e acessórios'),
('56754321098', 'Loja O', 'Artigos para festas e eventos'),
('67843210987', 'Loja P', 'Alimentos e bebidas gourmet'),
('78932109876', 'Loja Q', 'Produtos de eletrônicos e gadgets'),
('89021098765', 'Loja R', 'Roupas e calçados de esporte'),
('90110987654', 'Loja S', 'Produtos tecnológicos e inovação'),
('01209876543', 'Loja T', 'Produtos de cozinha e utensílios'),
('12345678900', 'Loja U', 'Acessórios e gadgets para celular'),
('23456789001', 'Loja V', 'Cosméticos e perfumes'),
('34567890122', 'Loja W', 'Peças automotivas e acessórios'),
('45678901233', 'Loja X', 'Produtos de papelaria e escritório'),
('56789012344', 'Loja Y', 'Produtos de cuidados para a pele');

-- Inserção de dados na tabela Categoria
INSERT INTO Categoria (nome_categoria, fk_categoria_pai) VALUES
('Eletrônicos', NULL),
('Roupas', NULL),
('Beleza', NULL),
('Brinquedos', NULL),
('Esportes', NULL),
('Livros', NULL),
('Informática', NULL),
('Pets', NULL),
('Ferramentas', NULL),
('Decoração', NULL),
('Jardinagem', NULL),
('Alimentos', NULL),
('Moda Feminina', NULL),
('Bijuterias', NULL),
('Festas e Eventos', NULL),
('Gastronomia', NULL),
('Tecnologia', NULL),
('Cozinha', NULL),
('Acessórios para Celular', NULL),
('Cosméticos', NULL),
('Automotivos', NULL),
('Papelaria', NULL),
('Saúde', NULL),
('Móveis', NULL),
('Fitness', NULL);
-- Inserção de dados na tabela Produto
INSERT INTO Produto (nome_produto, preco, origem, estoque_atual, alerta_estoque) VALUES
('Smartphone X1', 1999.99, 'Brasil', 50, 10),
('Camiseta Polo', 59.99, 'China', 200, 30),
('Creme Hidratante', 45.90, 'Brasil', 120, 15),
('Boneca Interativa', 199.90, 'China', 80, 20),
('Tênis Esportivo', 150.00, 'Brasil', 100, 10),
('Livro de Romance', 39.90, 'Brasil', 150, 25),
('Laptop Gamer', 4999.99, 'EUA', 30, 5),
('Ração para Cachorro', 35.00, 'Brasil', 500, 50),
('Furadeira Elétrica', 199.99, 'China', 60, 15),
('Sofá Retrátil', 899.99, 'Brasil', 25, 5),
('Planta Artificial', 69.99, 'Brasil', 150, 10),
('Espresso Máquina', 799.99, 'EUA', 45, 10),
('Relógio Fitness', 129.99, 'China', 70, 15),
('Brinquedo Educativo', 49.90, 'Brasil', 180, 20),
('Mouse Gamer', 99.99, 'China', 200, 30),
('Cadeira Escritório', 399.90, 'Brasil', 45, 5),
('Bicicleta Feminina', 850.00, 'Brasil', 40, 10),
('Caminha para Cachorro', 89.99, 'Brasil', 120, 10),
('Smartwatch Pro', 799.00, 'EUA', 60, 15),
('Batedeira Elétrica', 249.90, 'Brasil', 50, 10),
('Fone Bluetooth', 149.90, 'China', 200, 20),
('Cama Box Casal', 899.90, 'Brasil', 30, 5),
('Chuveiro Digital', 179.99, 'Brasil', 75, 10),
('Almofada Decorativa', 39.90, 'Brasil', 200, 25),
('Cafeteira Elétrica', 159.99, 'Brasil', 150, 10);
-- Inserção de dados na tabela Pedido
INSERT INTO Pedido (cpf_cliente, status_pedido, total_produtos, total_pedido, data_pedido) VALUES
('12345678901', 'pendente', 3, 250.00, '2025-10-01'),
('23456789012', 'enviado', 2, 120.00, '2025-10-02'),
('34567890123', 'entregue', 1, 50.00, '2025-10-03'),
('45678901234', 'cancelado', 5, 500.00, '2025-10-04'),
('56789012345', 'pendente', 3, 150.00, '2025-10-05'),
('67890123456', 'pendente', 6, 300.00, '2025-10-06'),
('78901234567', 'enviado', 4, 450.00, '2025-10-07'),
('89012345678', 'entregue', 2, 220.00, '2025-10-08'),
('90123456789', 'cancelado', 1, 100.00, '2025-10-09'),
('01234567890', 'pendente', 5, 600.00, '2025-10-10'),
('12398765432', 'enviado', 7, 700.00, '2025-10-11'),
('23487654321', 'pendente', 2, 150.00, '2025-10-12'),
('34576543210', 'cancelado', 3, 200.00, '2025-10-13'),
('45665432109', 'entregue', 4, 350.00, '2025-10-14'),
('56754321098', 'pendente', 6, 500.00, '2025-10-15'),
('67843210987', 'enviado', 2, 150.00, '2025-10-16'),
('78932109876', 'cancelado', 5, 400.00, '2025-10-17'),
('89021098765', 'pendente', 3, 180.00, '2025-10-18'),
('90110987654', 'entregue', 2, 100.00, '2025-10-19'),
('01209876543', 'pendente', 4, 300.00, '2025-10-20'),
('12345678900', 'cancelado', 1, 50.00, '2025-10-21'),
('23456789001', 'enviado', 5, 450.00, '2025-10-22'),
('34567890122', 'pendente', 3, 250.00, '2025-10-23'),
('45678901233', 'enviado', 2, 120.00, '2025-10-24'),
('56789012344', 'entregue', 4, 500.00, '2025-10-25');

-- Inserção de dados na tabela Pagamento
INSERT INTO Pagamento (status_pagamento, valor_pago, metodo_pagamento, num_parcelas, fk_cpf_vendedor, fk_cpf_cliente, fk_data_pedido) VALUES
('aprovado', 250.00, 'Cartão de Crédito', 1, '23456789012', '12345678901', '2025-10-01'),
('rejeitado', 100.00, 'Boleto', 1, '34567890123', '23456789012', '2025-10-02'),
('aprovado', 150.00, 'Pix', 1, '45678901234', '34567890123', '2025-10-03'),
('aprovado', 300.00, 'Cartão de Crédito', 3, '56789012345', '45678901234', '2025-10-04'),
('pendente', 500.00, 'Boleto', 1, '67890123456', '56789012345', '2025-10-05'),
('aprovado', 400.00, 'Cartão de Crédito', 2, '78901234567', '67890123456', '2025-10-06'),
('rejeitado', 200.00, 'Pix', 1, '89012345678', '78901234567', '2025-10-07'),
('pendente', 150.00, 'Cartão de Crédito', 1, '90123456789', '89012345678', '2025-10-08'),
('aprovado', 700.00, 'Boleto', 1, '12345678901', '90123456789', '2025-10-09'),
('rejeitado', 100.00, 'Pix', 1, '12398765432', '01234567890', '2025-10-10'),
('aprovado', 350.00, 'Cartão de Crédito', 1, '23487654321', '12398765432', '2025-10-11'),
('pendente', 500.00, 'Boleto', 2, '34576543210', '23487654321', '2025-10-12'),
('aprovado', 300.00, 'Pix', 1, '45665432109', '34576543210', '2025-10-13'),
('pendente', 600.00, 'Cartão de Crédito', 3, '56754321098', '45665432109', '2025-10-14'),
('aprovado', 450.00, 'Boleto', 1, '67843210987', '56754321098', '2025-10-15'),
('pendente', 250.00, 'Pix', 2, '78932109876', '67843210987', '2025-10-16'),
('aprovado', 200.00, 'Cartão de Crédito', 1, '89021098765', '78932109876', '2025-10-17'),
('pendente', 150.00, 'Boleto', 1, '90110987654', '89021098765', '2025-10-18'),
('aprovado', 100.00, 'Pix', 1, '01209876543', '90110987654', '2025-10-19'),
('pendente', 350.00, 'Cartão de Crédito', 2, '12345678900', '01209876543', '2025-10-20'),
('aprovado', 400.00, 'Boleto', 1, '23456789001', '12345678900', '2025-10-21'),
('pendente', 500.00, 'Pix', 3, '34567890122', '23456789001', '2025-10-22'),
('aprovado', 600.00, 'Cartão de Crédito', 1, '45678901233', '34567890122', '2025-10-23'),
('pendente', 250.00, 'Boleto', 2, '56789012344', '45678901233', '2025-10-24');
-- Inserção de dados na tabela Entrega
INSERT INTO Entrega (status_entrega, metodo_entrega, endereco_entrega, data_envio, data_prevista, frete, fk_cpf_cliente, fk_data_pedido, fk_cpf_vendedor) VALUES
('preparando', 'Correios', 'Rua A, 123, Bairro X', '2025-10-05', '2025-10-10', 15.00, '12345678901', '2025-10-01', '12345678901'),
('enviado', 'Transportadora', 'Rua B, 456, Bairro Y', '2025-10-06', '2025-10-11', 20.00, '23456789012', '2025-10-02', '23456789012'),
('entregue', 'Correios', 'Rua C, 789, Bairro Z', '2025-10-07', '2025-10-12', 10.00, '34567890123', '2025-10-03', '34567890123'),
('falha', 'Transportadora', 'Rua D, 101, Bairro W', '2025-10-08', '2025-10-13', 25.00, '45678901234', '2025-10-04', '45678901234'),
('enviado', 'Correios', 'Rua E, 202, Bairro V', '2025-10-09', '2025-10-14', 18.00, '56789012345', '2025-10-05', '56789012345'),
('preparando', 'Transportadora', 'Rua F, 303, Bairro U', '2025-10-10', '2025-10-15', 22.00, '67890123456', '2025-10-06', '67890123456'),
('falha', 'Correios', 'Rua G, 404, Bairro T', '2025-10-11', '2025-10-16', 30.00, '78901234567', '2025-10-07', '78901234567'),
('enviado', 'Transportadora', 'Rua H, 505, Bairro S', '2025-10-12', '2025-10-17', 10.00, '89012345678', '2025-10-08', '89012345678'),
('preparando', 'Correios', 'Rua I, 606, Bairro R', '2025-10-13', '2025-10-18', 12.00, '90123456789', '2025-10-09', '90123456789'),
('falha', 'Transportadora', 'Rua J, 707, Bairro Q', '2025-10-14', '2025-10-19', 14.00, '01234567890', '2025-10-10', '01234567890'),
('enviado', 'Correios', 'Rua K, 808, Bairro P', '2025-10-15', '2025-10-20', 16.00, '12398765432', '2025-10-11', '12398765432'),
('preparando', 'Transportadora', 'Rua L, 909, Bairro O', '2025-10-16', '2025-10-21', 20.00, '23487654321', '2025-10-12', '23487654321'),
('falha', 'Correios', 'Rua M, 1001, Bairro N', '2025-10-17', '2025-10-22', 25.00, '34576543210', '2025-10-13', '34576543210'),
('enviado', 'Transportadora', 'Rua N, 1101, Bairro M', '2025-10-18', '2025-10-23', 10.00, '45665432109', '2025-10-14', '45665432109'),
('preparando', 'Correios', 'Rua O, 1201, Bairro L', '2025-10-19', '2025-10-24', 12.00, '56754321098', '2025-10-15', '56754321098'),
('falha', 'Transportadora', 'Rua P, 1301, Bairro K', '2025-10-20', '2025-10-25', 18.00, '67843210987', '2025-10-16', '67843210987'),
('enviado', 'Correios', 'Rua Q, 1401, Bairro J', '2025-10-21', '2025-10-26', 20.00, '78932109876', '2025-10-17', '78932109876'),
('preparando', 'Transportadora', 'Rua R, 1501, Bairro I', '2025-10-22', '2025-10-27', 22.00, '89021098765', '2025-10-18', '89021098765'),
('falha', 'Correios', 'Rua S, 1601, Bairro H', '2025-10-23', '2025-10-28', 24.00, '90110987654', '2025-10-19', '90110987654'),
('enviado', 'Transportadora', 'Rua T, 1701, Bairro G', '2025-10-24', '2025-10-29', 12.00, '01209876543', '2025-10-20', '01209876543'),
('preparando', 'Correios', 'Rua U, 1801, Bairro F', '2025-10-25', '2025-10-30', 16.00, '12345678900', '2025-10-21', '12345678900'),
('falha', 'Transportadora', 'Rua V, 1901, Bairro E', '2025-10-26', '2025-10-31', 18.00, '23456789001', '2025-10-22', '23456789001'),
('enviado', 'Correios', 'Rua W, 2001, Bairro D', '2025-10-27', '2025-11-01', 20.00, '34567890122', '2025-10-23', '34567890122');
-- Inserção de dados na tabela Solicitacao
INSERT INTO Solicitacao (cpf_cliente, data_pedido, data_solicitacao, tipo, status_solicitacao) VALUES
('12345678901', '2025-10-01', '2025-10-02', 'devolucao', 'aberta'),
('23456789012', '2025-10-02', '2025-10-03', 'troca', 'em_analise'),
('34567890123', '2025-10-03', '2025-10-04', 'suporte', 'concluida'),
('45678901234', '2025-10-04', '2025-10-05', 'cancelamento', 'aberta'),
('56789012345', '2025-10-05', '2025-10-06', 'devolucao', 'concluida'),
('67890123456', '2025-10-06', '2025-10-07', 'troca', 'em_analise'),
('78901234567', '2025-10-07', '2025-10-08', 'suporte', 'aberta'),
('89012345678', '2025-10-08', '2025-10-09', 'cancelamento', 'concluida'),
('90123456789', '2025-10-09', '2025-10-10', 'devolucao', 'aberta'),
('01234567890', '2025-10-10', '2025-10-11', 'troca', 'concluida'),
('12398765432', '2025-10-11', '2025-10-12', 'suporte', 'aberta'),
('23487654321', '2025-10-12', '2025-10-13', 'cancelamento', 'em_analise'),
('34576543210', '2025-10-13', '2025-10-14', 'devolucao', 'aberta'),
('45665432109', '2025-10-14', '2025-10-15', 'troca', 'concluida'),
('56754321098', '2025-10-15', '2025-10-16', 'suporte', 'em_analise'),
('67843210987', '2025-10-16', '2025-10-17', 'cancelamento', 'aberta'),
('78932109876', '2025-10-17', '2025-10-18', 'devolucao', 'concluida'),
('89021098765', '2025-10-18', '2025-10-19', 'troca', 'aberta'),
('90110987654', '2025-10-19', '2025-10-20', 'suporte', 'em_analise'),
('01209876543', '2025-10-20', '2025-10-21', 'cancelamento', 'concluida'),
('12345678900', '2025-10-21', '2025-10-22', 'devolucao', 'aberta'),
('23456789001', '2025-10-22', '2025-10-23', 'troca', 'concluida'),
('34567890122', '2025-10-23', '2025-10-24', 'suporte', 'aberta'),
('45678901233', '2025-10-24', '2025-10-25', 'cancelamento', 'em_analise');
-- Inserção de dados na tabela ContemProd
INSERT INTO ContemProd (cpf_cliente, data_pedido, id_produto, quantidade) VALUES
('12345678901', '2025-10-01', 1, 2),
('23456789012', '2025-10-02', 2, 1),
('34567890123', '2025-10-03', 3, 3),
('45678901234', '2025-10-04', 4, 1),
('56789012345', '2025-10-05', 5, 2),
('67890123456', '2025-10-06', 6, 1),
('78901234567', '2025-10-07', 7, 3),
('89012345678', '2025-10-08', 8, 2),
('90123456789', '2025-10-09', 9, 4),
('01234567890', '2025-10-10', 10, 1),
('12398765432', '2025-10-11', 11, 5),
('23487654321', '2025-10-12', 12, 1),
('34576543210', '2025-10-13', 13, 2),
('45665432109', '2025-10-14', 14, 3),
('56754321098', '2025-10-15', 15, 2),
('67843210987', '2025-10-16', 16, 1),
('78932109876', '2025-10-17', 17, 1),
('89021098765', '2025-10-18', 18, 2),
('90110987654', '2025-10-19', 19, 1),
('01209876543', '2025-10-20', 20, 3),
('12345678900', '2025-10-21', 21, 2),
('23456789001', '2025-10-22', 22, 1),
('34567890122', '2025-10-23', 23, 4),
('45678901233', '2025-10-24', 24, 2),
('56789012344', '2025-10-25', 25, 1);
-- Inserção de dados na tabela AssociaProd
INSERT INTO AssociaProd (cpf_cliente, data_pedido, data_solicitacao, id_produto) VALUES
('12345678901', '2025-10-01', '2025-10-02', 1),
('23456789012', '2025-10-02', '2025-10-03', 2),
('34567890123', '2025-10-03', '2025-10-04', 3),
('45678901234', '2025-10-04', '2025-10-05', 4),
('56789012345', '2025-10-05', '2025-10-06', 5),
('67890123456', '2025-10-06', '2025-10-07', 6),
('78901234567', '2025-10-07', '2025-10-08', 7),
('89012345678', '2025-10-08', '2025-10-09', 8),
('90123456789', '2025-10-09', '2025-10-10', 9),
('01234567890', '2025-10-10', '2025-10-11', 10),
('12398765432', '2025-10-11', '2025-10-12', 11),
('23487654321', '2025-10-12', '2025-10-13', 12),
('34576543210', '2025-10-13', '2025-10-14', 13),
('45665432109', '2025-10-14', '2025-10-15', 14),
('56754321098', '2025-10-15', '2025-10-16', 15),
('67843210987', '2025-10-16', '2025-10-17', 16),
('78932109876', '2025-10-17', '2025-10-18', 17),
('89021098765', '2025-10-18', '2025-10-19', 18),
('90110987654', '2025-10-19', '2025-10-20', 19),
('01209876543', '2025-10-20', '2025-10-21', 20),
('12345678900', '2025-10-21', '2025-10-22', 21),
('23456789001', '2025-10-22', '2025-10-23', 22),
('34567890122', '2025-10-23', '2025-10-24', 23),
('45678901233', '2025-10-24', '2025-10-25', 24);

-- Inserção de dados na tabela AvaliaProd
INSERT INTO AvaliaProd (cpf_comprador, id_produto, nota) VALUES
('12345678901', 1, 5),
('23456789012', 2, 4),
('34567890123', 3, 3),
('45678901234', 4, 5),
('56789012345', 5, 4),
('67890123456', 6, 5),
('78901234567', 7, 4),
('89012345678', 8, 3),
('90123456789', 9, 5),
('01234567890', 10, 2),
('12398765432', 11, 4),
('23487654321', 12, 5),
('34576543210', 13, 3),
('45665432109', 14, 2),
('56754321098', 15, 5),
('67843210987', 16, 3),
('78932109876', 17, 4),
('89021098765', 18, 5),
('90110987654', 19, 4),
('01209876543', 20, 3),
('12345678900', 21, 5),
('23456789001', 22, 4),
('34567890122', 23, 3),
('45678901233', 24, 5),
('56789012344', 25, 4);

-- Inserção de dados na tabela PrefereCat
INSERT INTO PrefereCat (cpf_comprador, id_categoria) VALUES
('12345678901', 156),
('23456789012', 157),
('34567890123', 158),
('45678901234', 159),
('56789012345', 160),
('67890123456', 161),
('78901234567', 162),
('89012345678', 163),
('90123456789', 164),
('01234567890', 165),
('12398765432', 166),
('23487654321', 167),
('34576543210', 168),
('45665432109', 169),
('56754321098', 170),
('67843210987', 171),
('78932109876', 172),
('89021098765', 173),
('90110987654', 174),
('01209876543', 175),
('12345678900', 176),
('23456789001', 177),
('34567890122', 178),
('45678901233', 179),
('56789012344', 180);

INSERT INTO PertenceCat (id_categoria, id_produto) VALUES
(156, 1),
(157, 2),
(158, 3),
(159, 4),
(160, 5),
(161, 6),
(162, 7),
(163, 8),
(164, 9),
(165, 10),
(166, 11),
(167, 12),
(168, 13),
(169, 14),
(170, 15),
(171, 16),
(172, 17),
(173, 18),
(174, 19),
(175, 20),
(176, 21),
(177, 22),
(178, 23),
(179, 24),
(180, 25);

INSERT INTO VendeProd (cpf_vendedor, id_produto) VALUES
('12345678901', 1),
('23456789012', 2),
('34567890123', 3),
('45678901234', 4),
('56789012345', 5),
('67890123456', 6),
('78901234567', 7),
('89012345678', 8),
('90123456789', 9),
('01234567890', 10),
('12398765432', 11),
('23487654321', 12),
('34576543210', 13),
('45665432109', 14),
('56754321098', 15),
('67843210987', 16),
('78932109876', 17),
('89021098765', 18),
('90110987654', 19),
('01209876543', 20),
('12345678900', 21),
('23456789001', 22),
('34567890122', 23),
('45678901233', 24),
('56789012344', 25);
