--------------------------------------------------------
-- 1. População da tabela Usuario (25+ tuplas)
--------------------------------------------------------
INSERT INTO Usuario (cpf, pnome, sobrenome, cep, email, senha_hash) VALUES
('11111111111', 'Ana', 'Silva', '01001000', 'ana@gmail.com', 'hash1'),
('22222222222', 'Bruno', 'Souza', '02002000', 'bruno@gmail.com', 'hash2'),
('33333333333', 'Carlos', 'Oliveira', '03003000', 'carlos@gmail.com', 'hash3'),
('44444444444', 'Daniela', 'Ferreira', '04004000', 'daniela@gmail.com', 'hash4'),
('55555555555', 'Eduardo', 'Gomes', '05005000', 'eduardo@gmail.com', 'hash5'),
('66666666666', 'Fernanda', 'Lima', '06006000', 'fernanda@gmail.com', 'hash6'),
('77777777777', 'Gabriel', 'Costa', '07007000', 'gabriel@gmail.com', 'hash7'),
('88888888888', 'Helena', 'Ribeiro', '08008000', 'helena@gmail.com', 'hash8'),
('99999999999', 'Igor', 'Martins', '09009000', 'igor@gmail.com', 'hash9'),
('10101010101', 'Julia', 'Alves', '10010000', 'julia@gmail.com', 'hash10'),
('12121212121', 'Lucas', 'Pereira', '11011000', 'lucas@gmail.com', 'hash11'),
('13131313131', 'Mariana', 'Carvalho', '12012000', 'mariana@gmail.com', 'hash12'),
('14141414141', 'Nathan', 'Rodrigues', '13013000', 'nathan@gmail.com', 'hash13'),
('15151515151', 'Olivia', 'Santos', '14014000', 'olivia@gmail.com', 'hash14'),
('16161616161', 'Paulo', 'Nascimento', '15015000', 'paulo@gmail.com', 'hash15'),
('17171717171', 'Quezia', 'Fernandes', '16016000', 'quezia@gmail.com', 'hash16'),
('18181818181', 'Rafael', 'Goncalves', '17017000', 'rafael@gmail.com', 'hash17'),
('19191919191', 'Sofia', 'Araujo', '18018000', 'sofia@gmail.com', 'hash18'),
('20202020202', 'Thiago', 'Barbosa', '19019000', 'thiago@gmail.com', 'hash19'),
('21212121212', 'Ursula', 'Dias', '20020000', 'ursula@gmail.com', 'hash20'),
('23232323232', 'Victor', 'Cunha', '21021000', 'victor@gmail.com', 'hash21'),
('24242424242', 'Wanessa', 'Rocha', '22022000', 'wanessa@gmail.com', 'hash22'),
('25252525252', 'Xavier', 'Moura', '23023000', 'xavier@gmail.com', 'hash23'),
('26262626262', 'Yasmin', 'Bezerra', '24024000', 'yasmin@gmail.com', 'hash24'),
('27272727272', 'Zacarias', 'Fonseca', '25025000', 'zacarias@gmail.com', 'hash25'),
('28282828282', 'Amanda', 'Teixeira', '26026000', 'amanda@gmail.com', 'hash26'),
('29292929292', 'Bernardo', 'Mendes', '27027000', 'bernardo@gmail.com', 'hash27'),
('30303030303', 'Camila', 'Cardoso', '28028000', 'camila@gmail.com', 'hash28');

--------------------------------------------------------
-- 2. População de Comprador (25+ tuplas)
--------------------------------------------------------
INSERT INTO Comprador (cpf_comprador, num_compras) VALUES
('11111111111', 3), ('22222222222', 1), ('33333333333', 0), ('66666666666', 5),
('77777777777', 2), ('88888888888', 1), ('99999999999', 0), ('10101010101', 3),
('12121212121', 7), ('13131313131', 2), ('14141414141', 1), ('15151515151', 4),
('16161616161', 6), ('17171717171', 2), ('18181818181', 3), ('19191919191', 1),
('20202020202', 8), ('21212121212', 2), ('23232323232', 1), ('24242424242', 5),
('25252525252', 3), ('26262626262', 2), ('27272727272', 4), ('28282828282', 1),
('29292929292', 6), ('30303030303', 2);

--------------------------------------------------------
-- 3. População de Vendedor (25+ tuplas)
--------------------------------------------------------
INSERT INTO Vendedor (cpf_vendedor, nome_loja, desc_loja) VALUES
('44444444444', 'Loja DaniTec', 'Eletrônicos e informática'),
('55555555555', 'Loja EduArt', 'Artesanato e decoração'),
('66666666666', 'TechWorld', 'Tecnologia e gadgets'),
('77777777777', 'ModaStyle', 'Roupas e acessórios'),
('88888888888', 'CasaConfort', 'Móveis e decoração'),
('99999999999', 'EsporteTotal', 'Artigos esportivos'),
('10101010101', 'BelezaNatural', 'Cosméticos naturais'),
('12121212121', 'Livros&Mais', 'Livros e materiais educativos'),
('13131313131', 'PetLove', 'Produtos para animais'),
('14141414141', 'GourmetShop', 'Alimentos especiais'),
('15151515151', 'GameZone', 'Jogos e consoles'),
('16161616161', 'MusicalInstruments', 'Instrumentos musicais'),
('17171717171', 'AutoParts', 'Peças automotivas'),
('18181818181', 'HealthCare', 'Produtos de saúde'),
('19191919191', 'BabyStore', 'Produtos infantis'),
('20202020202', 'OfficeSupplies', 'Material de escritório'),
('21212121212', 'FitnessPro', 'Equipamentos fitness'),
('23232323232', 'TravelGear', 'Artigos de viagem'),
('24242424242', 'HandmadeCrafts', 'Artesanato variado'),
('25252525252', 'JewelryBox', 'Joias e bijuterias'),
('26262626262', 'PlantWorld', 'Plantas e jardinagem'),
('27272727272', 'KitchenPro', 'Utensílios de cozinha'),
('28282828282', 'PhotoStudio', 'Equipamentos fotográficos'),
('29292929292', 'WineCellar', 'Vinhos e bebidas'),
('30303030303', 'FashionTrend', 'Moda feminina');

--------------------------------------------------------
-- 4. População de Categoria (25+ tuplas)
--------------------------------------------------------
INSERT INTO Categoria (nome_categoria, fk_categoria_pai) VALUES
('Eletrônicos', NULL), ('Informática', 1), ('Smartphones', 1), ('Tablets', 1),
('Casa & Decoração', NULL), ('Artesanato', 5), ('Móveis', 5), ('Iluminação', 5),
('Moda', NULL), ('Roupas Femininas', 9), ('Roupas Masculinas', 9), ('Calçados', 9),
('Esportes', NULL), ('Fitness', 13), ('Camping', 13), ('Natação', 13),
('Beleza', NULL), ('Maquiagem', 17), ('Skincare', 17), ('Perfumes', 17),
('Livros', NULL), ('Ficção', 21), ('Não-Ficção', 21), ('Educacional', 21),
('Automotivo', NULL), ('Jogos', NULL), ('Saúde', NULL), ('Brinquedos', NULL);

--------------------------------------------------------
-- 5. População de Produto (25+ tuplas)
--------------------------------------------------------
INSERT INTO Produto (nome_produto, desc_produto, preco, origem, estoque_atual, alerta_estoque) VALUES
('Notebook X', 'Notebook rápido e leve', 3500.00, 'Brasil', 20, 5),
('Mouse Gamer', 'Mouse RGB 12000 DPI', 150.00, 'China', 50, 10),
('Quadro Decorativo', 'Quadro artístico feito à mão', 180.00, 'Brasil', 10, 2),
('Vaso de Cerâmica', 'Vaso artesanal pintado à mão', 90.00, 'Brasil', 15, 3),
('Smartphone Galaxy', 'Smartphone Android 128GB', 1200.00, 'Coreia', 30, 5),
('Tablet Pro', 'Tablet 10 polegadas', 800.00, 'China', 25, 5),
('Teclado Mecânico', 'Teclado mecânico RGB', 300.00, 'China', 40, 8),
('Monitor 24"', 'Monitor Full HD 24 polegadas', 700.00, 'Taiwan', 15, 3),
('Sofá 3 Lugares', 'Sofá retrátil cinza', 1500.00, 'Brasil', 8, 2),
('Mesa de Jantar', 'Mesa de madeira 6 lugares', 900.00, 'Brasil', 12, 3),
('Luminária LED', 'Luminária moderna com dimmer', 120.00, 'China', 35, 7),
('Vestido Floral', 'Vestido longo floral', 89.90, 'Brasil', 20, 5),
('Camisa Social', 'Camisa social masculina', 79.90, 'Brasil', 25, 6),
('Tênis Running', 'Tênis para corrida', 199.90, 'Vietnã', 30, 8),
('Bola de Futebol', 'Bola oficial tamanho 5', 59.90, 'Paquistão', 40, 10),
('Barraca Camping', 'Barraca para 4 pessoas', 350.00, 'China', 10, 2),
('Creme Facial', 'Creme hidratante facial', 45.90, 'França', 50, 12),
('Perfume Importado', 'Perfume masculino 100ml', 189.90, 'França', 18, 4),
('Livro Best Seller', 'Romance best seller', 39.90, 'Brasil', 60, 15),
('Jogo Tabuleiro', 'Jogo de estratégia familiar', 79.90, 'China', 25, 6),
('Pneu Carro', 'Pneu 185/65R15', 280.00, 'Brasil', 20, 5),
('Console Game', 'Console última geração', 2500.00, 'Japão', 12, 3),
('Bicicleta', 'Bicicleta mountain bike', 850.00, 'Brasil', 8, 2),
('Kit Maquiagem', 'Kit completo maquiagem', 120.00, 'EUA', 30, 7),
('Cafeteira', 'Cafeteira expresso', 220.00, 'Itália', 15, 4),
('Smartwatch', 'Relógio inteligente', 350.00, 'China', 25, 6),
('Fone Bluetooth', 'Fone sem fio cancelamento ruído', 280.00, 'China', 35, 8),
('Mochila', 'Mochila executiva', 95.00, 'Brasil', 40, 10);

--------------------------------------------------------
-- 6. População de Pedido (25+ tuplas)
--------------------------------------------------------
INSERT INTO Pedido (cpf_cliente, data_pedido, status_pedido, total_produtos, total_pedido) VALUES
('11111111111', '2025-01-10 10:00:00', 'enviado', 2, 3650.00),
('22222222222', '2025-01-12 14:30:00', 'pendente', 1, 150.00),
('11111111111', '2025-01-15 09:15:00', 'entregue', 3, 450.00),
('33333333333', '2025-01-16 11:20:00', 'enviado', 2, 280.00),
('66666666666', '2025-01-18 16:45:00', 'preparando', 1, 1200.00),
('77777777777', '2025-01-20 08:30:00', 'entregue', 4, 680.00),
('88888888888', '2025-01-22 14:00:00', 'enviado', 2, 350.00),
('99999999999', '2025-01-25 10:15:00', 'cancelado', 1, 79.90),
('10101010101', '2025-01-28 13:45:00', 'preparando', 3, 520.00),
('12121212121', '2025-02-01 09:00:00', 'entregue', 5, 1200.00),
('13131313131', '2025-02-03 15:20:00', 'enviado', 2, 180.00),
('14141414141', '2025-02-05 11:30:00', 'pendente', 1, 45.90),
('15151515151', '2025-02-08 14:15:00', 'entregue', 4, 950.00),
('16161616161', '2025-02-10 16:40:00', 'enviado', 3, 420.00),
('17171717171', '2025-02-12 10:25:00', 'preparando', 2, 160.00),
('18181818181', '2025-02-15 13:50:00', 'entregue', 1, 189.90),
('19191919191', '2025-02-18 08:35:00', 'enviado', 5, 600.00),
('20202020202', '2025-02-20 15:10:00', 'pendente', 2, 340.00),
('21212121212', '2025-02-22 11:45:00', 'entregue', 3, 270.00),
('23232323232', '2025-02-25 09:20:00', 'enviado', 4, 880.00),
('24242424242', '2025-02-28 14:30:00', 'preparando', 1, 850.00),
('25252525252', '2025-03-02 16:15:00', 'entregue', 2, 180.00),
('26262626262', '2025-03-05 10:40:00', 'enviado', 3, 650.00),
('27272727272', '2025-03-08 13:25:00', 'pendente', 1, 220.00),
('28282828282', '2025-03-10 15:50:00', 'entregue', 4, 480.00),
('29292929292', '2025-03-12 08:35:00', 'enviado', 2, 560.00),
('30303030303', '2025-03-15 12:20:00', 'preparando', 3, 320.00);

--------------------------------------------------------
-- 7. População de Pagamento (25+ tuplas)
--------------------------------------------------------
INSERT INTO Pagamento (status_pagamento, valor_pago, metodo_pagamento, num_parcelas, fk_cpf_vendedor, fk_cpf_cliente, fk_data_pedido) VALUES
('aprovado', 3650.00, 'cartão', 3, '44444444444', '11111111111', '2025-01-10 10:00:00'),
('pendente', 150.00, 'pix', 1, '44444444444', '22222222222', '2025-01-12 14:30:00'),
('aprovado', 450.00, 'cartão', 2, '55555555555', '11111111111', '2025-01-15 09:15:00'),
('aprovado', 280.00, 'pix', 1, '66666666666', '33333333333', '2025-01-16 11:20:00'),
('aprovado', 1200.00, 'cartão', 4, '44444444444', '66666666666', '2025-01-18 16:45:00'),
('aprovado', 680.00, 'boleto', 1, '77777777777', '77777777777', '2025-01-20 08:30:00'),
('aprovado', 350.00, 'pix', 1, '88888888888', '88888888888', '2025-01-22 14:00:00'),
('cancelado', 79.90, 'cartão', 1, '99999999999', '99999999999', '2025-01-25 10:15:00'),
('aprovado', 520.00, 'cartão', 2, '10101010101', '10101010101', '2025-01-28 13:45:00'),
('aprovado', 1200.00, 'pix', 1, '12121212121', '12121212121', '2025-02-01 09:00:00'),
('aprovado', 180.00, 'cartão', 1, '13131313131', '13131313131', '2025-02-03 15:20:00'),
('pendente', 45.90, 'boleto', 1, '14141414141', '14141414141', '2025-02-05 11:30:00'),
('aprovado', 950.00, 'cartão', 3, '15151515151', '15151515151', '2025-02-08 14:15:00'),
('aprovado', 420.00, 'pix', 1, '16161616161', '16161616161', '2025-02-10 16:40:00'),
('aprovado', 160.00, 'cartão', 1, '17171717171', '17171717171', '2025-02-12 10:25:00'),
('aprovado', 189.90, 'pix', 1, '18181818181', '18181818181', '2025-02-15 13:50:00'),
('aprovado', 600.00, 'cartão', 2, '19191919191', '19191919191', '2025-02-18 08:35:00'),
('pendente', 340.00, 'boleto', 1, '20202020202', '20202020202', '2025-02-20 15:10:00'),
('aprovado', 270.00, 'pix', 1, '21212121212', '21212121212', '2025-02-22 11:45:00'),
('aprovado', 880.00, 'cartão', 4, '23232323232', '23232323232', '2025-02-25 09:20:00'),
('aprovado', 850.00, 'cartão', 3, '24242424242', '24242424242', '2025-02-28 14:30:00'),
('aprovado', 180.00, 'pix', 1, '25252525252', '25252525252', '2025-03-02 16:15:00'),
('aprovado', 650.00, 'cartão', 2, '26262626262', '26262626262', '2025-03-05 10:40:00'),
('pendente', 220.00, 'boleto', 1, '27272727272', '27272727272', '2025-03-08 13:25:00'),
('aprovado', 480.00, 'pix', 1, '28282828282', '28282828282', '2025-03-10 15:50:00'),
('aprovado', 560.00, 'cartão', 3, '29292929292', '29292929292', '2025-03-12 08:35:00'),
('aprovado', 320.00, 'cartão', 2, '30303030303', '30303030303', '2025-03-15 12:20:00');

--------------------------------------------------------
-- 8. População de Entrega (25+ tuplas)
--------------------------------------------------------
INSERT INTO Entrega (status_entrega, metodo_entrega, endereco_entrega, data_envio, data_prevista, frete, endereco_vendedor, fk_cpf_cliente, fk_data_pedido, fk_cpf_vendedor) VALUES
('enviado', 'Correios', 'Rua A, 123', '2025-01-11', '2025-01-20', 25.00, 'Rua da Loja DaniTec, 100', '11111111111', '2025-01-10 10:00:00', '44444444444'),
('preparando', 'Transportadora X', 'Rua B, 456', NULL, '2025-01-25', 30.00, 'Rua da Loja DaniTec, 100', '22222222222', '2025-01-12 14:30:00', '44444444444'),
('entregue', 'Correios', 'Rua C, 789', '2025-01-15', '2025-01-18', 15.00, 'Rua EduArt, 200', '11111111111', '2025-01-15 09:15:00', '55555555555'),
('enviado', 'Transportadora Y', 'Rua D, 101', '2025-01-17', '2025-01-22', 20.00, 'Av. TechWorld, 300', '33333333333', '2025-01-16 11:20:00', '66666666666'),
('preparando', 'Correios', 'Rua E, 202', NULL, '2025-01-28', 25.00, 'Rua da Loja DaniTec, 100', '66666666666', '2025-01-18 16:45:00', '44444444444'),
('entregue', 'Transportadora Z', 'Rua F, 303', '2025-01-20', '2025-01-23', 18.00, 'Rua ModaStyle, 400', '77777777777', '2025-01-20 08:30:00', '77777777777'),
('enviado', 'Correios', 'Rua G, 404', '2025-01-23', '2025-01-30', 22.00, 'Rua CasaConfort, 500', '88888888888', '2025-01-22 14:00:00', '88888888888'),
('cancelado', 'Transportadora X', 'Rua H, 505', NULL, NULL, 15.00, 'Rua EsporteTotal, 600', '99999999999', '2025-01-25 10:15:00', '99999999999'),
('preparando', 'Correios', 'Rua I, 606', NULL, '2025-02-05', 20.00, 'Rua BelezaNatural, 700', '10101010101', '2025-01-28 13:45:00', '10101010101'),
('entregue', 'Transportadora Y', 'Rua J, 707', '2025-02-01', '2025-02-08', 25.00, 'Rua Livros&Mais, 800', '12121212121', '2025-02-01 09:00:00', '12121212121'),
('enviado', 'Correios', 'Rua K, 808', '2025-02-04', '2025-02-12', 18.00, 'Rua PetLove, 900', '13131313131', '2025-02-03 15:20:00', '13131313131'),
('preparando', 'Transportadora Z', 'Rua L, 909', NULL, '2025-02-15', 15.00, 'Rua GourmetShop, 1000', '14141414141', '2025-02-05 11:30:00', '14141414141'),
('entregue', 'Correios', 'Rua M, 1010', '2025-02-09', '2025-02-14', 22.00, 'Rua GameZone, 1100', '15151515151', '2025-02-08 14:15:00', '15151515151'),
('enviado', 'Transportadora X', 'Rua N, 1111', '2025-02-11', '2025-02-18', 20.00, 'Rua MusicalInstruments, 1200', '16161616161', '2025-02-10 16:40:00', '16161616161'),
('preparando', 'Correios', 'Rua O, 1212', NULL, '2025-02-20', 16.00, 'Rua AutoParts, 1300', '17171717171', '2025-02-12 10:25:00', '17171717171'),
('entregue', 'Transportadora Y', 'Rua P, 1313', '2025-02-16', '2025-02-19', 19.00, 'Rua HealthCare, 1400', '18181818181', '2025-02-15 13:50:00', '18181818181'),
('enviado', 'Correios', 'Rua Q, 1414', '2025-02-19', '2025-02-26', 24.00, 'Rua BabyStore, 1500', '19191919191', '2025-02-18 08:35:00', '19191919191'),
('preparando', 'Transportadora Z', 'Rua R, 1515', NULL, '2025-03-02', 21.00, 'Rua OfficeSupplies, 1600', '20202020202', '2025-02-20 15:10:00', '20202020202'),
('entregue', 'Correios', 'Rua S, 1616', '2025-02-23', '2025-02-27', 17.00, 'Rua FitnessPro, 1700', '21212121212', '2025-02-22 11:45:00', '21212121212'),
('enviado', 'Transportadora X', 'Rua T, 1717', '2025-02-26', '2025-03-05', 23.00, 'Rua TravelGear, 1800', '23232323232', '2025-02-25 09:20:00', '23232323232'),
('preparando', 'Correios', 'Rua U, 1818', NULL, '2025-03-10', 28.00, 'Rua HandmadeCrafts, 1900', '24242424242', '2025-02-28 14:30:00', '24242424242'),
('entregue', 'Transportadora Y', 'Rua V, 1919', '2025-03-03', '2025-03-07', 16.00, 'Rua JewelryBox, 2000', '25252525252', '2025-03-02 16:15:00', '25252525252'),
('enviado', 'Correios', 'Rua W, 2020', '2025-03-06', '2025-03-13', 20.00, 'Rua PlantWorld, 2100', '26262626262', '2025-03-05 10:40:00', '26262626262'),
('preparando', 'Transportadora Z', 'Rua X, 2121', NULL, '2025-03-18', 18.00, 'Rua KitchenPro, 2200', '27272727272', '2025-03-08 13:25:00', '27272727272'),
('entregue', 'Correios', 'Rua Y, 2222', '2025-03-11', '2025-03-15', 19.00, 'Rua PhotoStudio, 2300', '28282828282', '2025-03-10 15:50:00', '28282828282'),
('enviado', 'Transportadora X', 'Rua Z, 2323', '2025-03-13', '2025-03-20', 22.00, 'Rua WineCellar, 2400', '29292929292', '2025-03-12 08:35:00', '29292929292'),
('preparando', 'Correios', 'Rua AA, 2424', NULL, '2025-03-25', 21.00, 'Rua FashionTrend, 2500', '30303030303', '2025-03-15 12:20:00', '30303030303');

--------------------------------------------------------
-- 9. Solicitações (25+ tuplas)
--------------------------------------------------------
INSERT INTO Solicitacao (cpf_cliente, data_pedido, data_solicitacao, tipo, status_solicitacao) VALUES
('11111111111', '2025-01-10 10:00:00', '2025-01-15 09:00:00', 'suporte', 'aberta'),
('22222222222', '2025-01-12 14:30:00', '2025-01-13 16:00:00', 'cancelamento', 'em_analise'),
('11111111111', '2025-01-15 09:15:00', '2025-01-20 10:30:00', 'troca', 'concluida'),
('33333333333', '2025-01-16 11:20:00', '2025-01-18 14:15:00', 'devolucao', 'aberta'),
('66666666666', '2025-01-18 16:45:00', '2025-01-25 11:20:00', 'suporte', 'em_analise'),
('77777777777', '2025-01-20 08:30:00', '2025-01-22 15:45:00', 'cancelamento', 'concluida'),
('88888888888', '2025-01-22 14:00:00', '2025-01-25 09:30:00', 'troca', 'aberta'),
('99999999999', '2025-01-25 10:15:00', '2025-01-26 16:20:00', 'devolucao', 'cancelada'),
('10101010101', '2025-01-28 13:45:00', '2025-02-02 10:15:00', 'suporte', 'em_analise'),
('12121212121', '2025-02-01 09:00:00', '2025-02-05 14:30:00', 'cancelamento', 'aberta'),
('13131313131', '2025-02-03 15:20:00', '2025-02-07 11:45:00', 'troca', 'concluida'),
('14141414141', '2025-02-05 11:30:00', '2025-02-08 16:10:00', 'devolucao', 'em_analise'),
('15151515151', '2025-02-08 14:15:00', '2025-02-12 09:25:00', 'suporte', 'aberta'),
('16161616161', '2025-02-10 16:40:00', '2025-02-14 13:50:00', 'cancelamento', 'concluida'),
('17171717171', '2025-02-12 10:25:00', '2025-02-16 15:35:00', 'troca', 'em_analise'),
('18181818181', '2025-02-15 13:50:00', '2025-02-18 10:40:00', 'devolucao', 'aberta'),
('19191919191', '2025-02-18 08:35:00', '2025-02-21 14:55:00', 'suporte', 'concluida'),
('20202020202', '2025-02-20 15:10:00', '2025-02-23 11:30:00', 'cancelamento', 'em_analise'),
('21212121212', '2025-02-22 11:45:00', '2025-02-25 16:20:00', 'troca', 'aberta'),
('23232323232', '2025-02-25 09:20:00', '2025-02-28 10:15:00', 'devolucao', 'concluida'),
('24242424242', '2025-02-28 14:30:00', '2025-03-03 13:45:00', 'suporte', 'em_analise'),
('25252525252', '2025-03-02 16:15:00', '2025-03-06 09:50:00', 'cancelamento', 'aberta'),
('26262626262', '2025-03-05 10:40:00', '2025-03-08 15:25:00', 'troca', 'concluida'),
('27272727272', '2025-03-08 13:25:00', '2025-03-11 11:10:00', 'devolucao', 'em_analise'),
('28282828282', '2025-03-10 15:50:00', '2025-03-13 14:35:00', 'suporte', 'aberta'),
('29292929292', '2025-03-12 08:35:00', '2025-03-16 16:45:00', 'cancelamento', 'concluida'),
('30303030303', '2025-03-15 12:20:00', '2025-03-18 10:20:00', 'troca', 'em_analise');

--------------------------------------------------------
-- 10. ContemProd (produtos do pedido - 25+ tuplas)
--------------------------------------------------------
INSERT INTO ContemProd (cpf_cliente, data_pedido, id_produto, quantidade) VALUES
('11111111111', '2025-01-10 10:00:00', 1, 1), ('11111111111', '2025-01-10 10:00:00', 2, 1),
('22222222222', '2025-01-12 14:30:00', 2, 1), ('11111111111', '2025-01-15 09:15:00', 3, 2),
('11111111111', '2025-01-15 09:15:00', 4, 1), ('33333333333', '2025-01-16 11:20:00', 5, 1),
('33333333333', '2025-01-16 11:20:00', 6, 1), ('66666666666', '2025-01-18 16:45:00', 7, 1),
('77777777777', '2025-01-20 08:30:00', 8, 1), ('77777777777', '2025-01-20 08:30:00', 9, 1),
('77777777777', '2025-01-20 08:30:00', 10, 2), ('88888888888', '2025-01-22 14:00:00', 11, 1),
('88888888888', '2025-01-22 14:00:00', 12, 1), ('99999999999', '2025-01-25 10:15:00', 13, 1),
('10101010101', '2025-01-28 13:45:00', 14, 2), ('10101010101', '2025-01-28 13:45:00', 15, 1),
('12121212121', '2025-02-01 09:00:00', 16, 1), ('12121212121', '2025-02-01 09:00:00', 17, 3),
('12121212121', '2025-02-01 09:00:00', 18, 1), ('13131313131', '2025-02-03 15:20:00', 19, 2),
('14141414141', '2025-02-05 11:30:00', 20, 1), ('15151515151', '2025-02-08 14:15:00', 21, 2),
('15151515151', '2025-02-08 14:15:00', 22, 1), ('16161616161', '2025-02-10 16:40:00', 23, 1),
('16161616161', '2025-02-10 16:40:00', 24, 2), ('17171717171', '2025-02-12 10:25:00', 25, 1),
('17171717171', '2025-02-12 10:25:00', 26, 1), ('18181818181', '2025-02-15 13:50:00', 27, 1),
('19191919191', '2025-02-18 08:35:00', 28, 4), ('19191919191', '2025-02-18 08:35:00', 1, 1),
('20202020202', '2025-02-20 15:10:00', 2, 2), ('21212121212', '2025-02-22 11:45:00', 3, 3),
('23232323232', '2025-02-25 09:20:00', 4, 1), ('23232323232', '2025-02-25 09:20:00', 5, 1),
('24242424242', '2025-02-28 14:30:00', 6, 1), ('25252525252', '2025-03-02 16:15:00', 7, 2),
('26262626262', '2025-03-05 10:40:00', 8, 1), ('27272727272', '2025-03-08 13:25:00', 9, 1),
('28282828282', '2025-03-10 15:50:00', 10, 3), ('29292929292', '2025-03-12 08:35:00', 11, 2),
('30303030303', '2025-03-15 12:20:00', 12, 1), ('30303030303', '2025-03-15 12:20:00', 13, 2);

--------------------------------------------------------
-- 11. AssociaProd (produtos associados à solicitação - 25+ tuplas)
--------------------------------------------------------
INSERT INTO AssociaProd (cpf_cliente, data_pedido, data_solicitacao, id_produto) VALUES
('11111111111', '2025-01-10 10:00:00', '2025-01-15 09:00:00', 1),
('22222222222', '2025-01-12 14:30:00', '2025-01-13 16:00:00', 2),
('11111111111', '2025-01-15 09:15:00', '2025-01-20 10:30:00', 3),
('33333333333', '2025-01-16 11:20:00', '2025-01-18 14:15:00', 5),
('66666666666', '2025-01-18 16:45:00', '2025-01-25 11:20:00', 7),
('77777777777', '2025-01-20 08:30:00', '2025-01-22 15:45:00', 8),
('88888888888', '2025-01-22 14:00:00', '2025-01-25 09:30:00', 11),
('99999999999', '2025-01-25 10:15:00', '2025-01-26 16:20:00', 13),
('10101010101', '2025-01-28 13:45:00', '2025-02-02 10:15:00', 14),
('12121212121', '2025-02-01 09:00:00', '2025-02-05 14:30:00', 16),
('13131313131', '2025-02-03 15:20:00', '2025-02-07 11:45:00', 19),
('14141414141', '2025-02-05 11:30:00', '2025-02-08 16:10:00', 20),
('15151515151', '2025-02-08 14:15:00', '2025-02-12 09:25:00', 21),
('16161616161', '2025-02-10 16:40:00', '2025-02-14 13:50:00', 23),
('17171717171', '2025-02-12 10:25:00', '2025-02-16 15:35:00', 25),
('18181818181', '2025-02-15 13:50:00', '2025-02-18 10:40:00', 27),
('19191919191', '2025-02-18 08:35:00', '2025-02-21 14:55:00', 28),
('20202020202', '2025-02-20 15:10:00', '2025-02-23 11:30:00', 2),
('21212121212', '2025-02-22 11:45:00', '2025-02-25 16:20:00', 3),
('23232323232', '2025-02-25 09:20:00', '2025-02-28 10:15:00', 4),
('24242424242', '2025-02-28 14:30:00', '2025-03-03 13:45:00', 6),
('25252525252', '2025-03-02 16:15:00', '2025-03-06 09:50:00', 7),
('26262626262', '2025-03-05 10:40:00', '2025-03-08 15:25:00', 8),
('27272727272', '2025-03-08 13:25:00', '2025-03-11 11:10:00', 9),
('28282828282', '2025-03-10 15:50:00', '2025-03-13 14:35:00', 10),
('29292929292', '2025-03-12 08:35:00', '2025-03-16 16:45:00', 11),
('30303030303', '2025-03-15 12:20:00', '2025-03-18 10:20:00', 12);

--------------------------------------------------------
-- 12. AvaliaProd (25+ tuplas)
--------------------------------------------------------
INSERT INTO AvaliaProd (cpf_comprador, id_produto, nota) VALUES
('11111111111', 1, 5), ('11111111111', 2, 4), ('22222222222', 2, 3),
('11111111111', 3, 5), ('33333333333', 5, 4), ('33333333333', 6, 3),
('66666666666', 7, 5), ('77777777777', 8, 4), ('77777777777', 9, 5),
('77777777777', 10, 3), ('88888888888', 11, 4), ('88888888888', 12, 5),
('99999999999', 13, 2), ('10101010101', 14, 5), ('10101010101', 15, 4),
('12121212121', 16, 3), ('12121212121', 17, 5), ('12121212121', 18, 4),
('13131313131', 19, 5), ('14141414141', 20, 4), ('15151515151', 21, 3),
('15151515151', 22, 5), ('16161616161', 23, 4), ('16161616161', 24, 5),
('17171717171', 25, 3), ('17171717171', 26, 4), ('18181818181', 27, 5),
('19191919191', 28, 4), ('19191919191', 1, 5), ('20202020202', 2, 3),
('21212121212', 3, 4), ('23232323232', 4, 5), ('23232323232', 5, 4),
('24242424242', 6, 3), ('25252525252', 7, 5), ('26262626262', 8, 4),
('27272727272', 9, 3), ('28282828282', 10, 5), ('29292929292', 11, 4),
('30303030303', 12, 5), ('30303030303', 13, 3);

--------------------------------------------------------
-- 13. PrefereCat (25+ tuplas)
--------------------------------------------------------
INSERT INTO PrefereCat (cpf_comprador, id_categoria) VALUES
('11111111111', 1), ('11111111111', 2), ('22222222222', 3),
('33333333333', 4), ('66666666666', 5), ('77777777777', 6),
('88888888888', 7), ('99999999999', 8), ('10101010101', 9),
('12121212121', 10), ('13131313131', 11), ('14141414141', 12),
('15151515151', 13), ('16161616161', 14), ('17171717171', 15),
('18181818181', 16), ('19191919191', 17), ('20202020202', 18),
('21212121212', 19), ('23232323232', 20), ('24242424242', 21),
('25252525252', 22), ('26262626262', 23), ('27272727272', 24),
('28282828282', 25), ('29292929292', 26), ('30303030303', 27),
('11111111111', 3), ('22222222222', 5), ('33333333333', 7),
('66666666666', 9), ('77777777777', 11), ('88888888888', 13);

--------------------------------------------------------
-- 14. PertenceCat (25+ tuplas)
--------------------------------------------------------
INSERT INTO PertenceCat (id_categoria, id_produto) VALUES
(1, 1), (2, 1), (1, 2), (3, 3), (4, 4),
(1, 5), (3, 5), (1, 6), (3, 6), (2, 7),
(2, 8), (5, 9), (7, 9), (5, 10), (7, 10),
(5, 11), (8, 11), (9, 12), (10, 12), (9, 13),
(11, 13), (9, 14), (12, 14), (13, 15), (14, 15),
(13, 16), (15, 16), (17, 17), (18, 17), (17, 18),
(19, 18), (21, 19), (22, 19), (21, 20), (24, 20),
(25, 21), (26, 22), (27, 23), (13, 23), (17, 24),
(18, 24), (5, 25), (8, 25), (1, 26), (3, 26),
(2, 27), (9, 28), (10, 28);

--------------------------------------------------------
-- 15. VendeProd (25+ tuplas)
--------------------------------------------------------
INSERT INTO VendeProd (cpf_vendedor, id_produto) VALUES
('44444444444', 1), ('44444444444', 2), ('55555555555', 3),
('55555555555', 4), ('44444444444', 5), ('44444444444', 6),
('44444444444', 7), ('44444444444', 8), ('88888888888', 9),
('88888888888', 10), ('88888888888', 11), ('77777777777', 12),
('77777777777', 13), ('77777777777', 14), ('99999999999', 15),
('99999999999', 16), ('10101010101', 17), ('10101010101', 18),
('12121212121', 19), ('12121212121', 20), ('15151515151', 21),
('15151515151', 22), ('24242424242', 23), ('17171717171', 24),
('18181818181', 25), ('19191919191', 26), ('20202020202', 27),
('21212121212', 28), ('44444444444', 26), ('44444444444', 27);